{
  "setup": "1_standalone",
  "checkpoint": "/home/bkosa/EcoWild_RL_ece751_finalProject/smokeDetection_ourExperiments/sweep_results/checkpoints/nf3_gap16/nf3_gap16_best_acc.pt",
  "gate_metrics": {
    "threshold": 0.4,
    "accuracy": 0.5647721454173067,
    "tpr": 0.5656862745098039,
    "fpr": 0.4362272240085745,
    "ppv": 0.5863821138211383,
    "f1": 0.5758483033932136,
    "tp": 577,
    "tn": 526,
    "fp": 407,
    "fn": 443
  },
  "auc": 0.5837631086732656
}