{
  "setup": "1_standalone",
  "checkpoint": "/home/bkosa/EcoWild_RL_ece751_finalProject/smokeDetection_ourExperiments/sweep_results/checkpoints/nf3_gap1/nf3_gap1_best_acc.pt",
  "gate_metrics": {
    "threshold": 0.4,
    "accuracy": 0.45233585858585856,
    "tpr": 0.42385321100917434,
    "fpr": 0.5172863666014351,
    "ppv": 0.46635262449528936,
    "f1": 0.44408843319448893,
    "tp": 693,
    "tn": 740,
    "fp": 793,
    "fn": 942
  },
  "auc": 0.43428148520520016
}