{
  "setup": "1_standalone",
  "checkpoint": "/home/bkosa/EcoWild_RL_ece751_finalProject/smokeDetection_ourExperiments/sweep_results/checkpoints/nf5_gap1/nf5_gap1_best_acc.pt",
  "gate_metrics": {
    "threshold": 0.75,
    "accuracy": 0.48763131141985766,
    "tpr": 0.18603089321692412,
    "fpr": 0.2051983584131327,
    "ppv": 0.4800693240901213,
    "f1": 0.26815101645692163,
    "tp": 277,
    "tn": 1162,
    "fp": 300,
    "fn": 1212
  },
  "auc": 0.4228294313336561
}