{
  "setup": "1_standalone",
  "checkpoint": "/home/bkosa/EcoWild_RL_ece751_finalProject/smokeDetection_ourExperiments/sweep_results/checkpoints/nf4_gap16/nf4_gap16_best_acc.pt",
  "gate_metrics": {
    "threshold": 0.4,
    "accuracy": 0.5606758832565284,
    "tpr": 0.4950980392156863,
    "fpr": 0.36763129689174706,
    "ppv": 0.5955188679245284,
    "f1": 0.5406852248394004,
    "tp": 505,
    "tn": 590,
    "fp": 343,
    "fn": 515
  },
  "auc": 0.5419120274047454
}