{
  "setup": "1_standalone",
  "checkpoint": "/home/bkosa/EcoWild_RL_ece751_finalProject/smokeDetection_ourExperiments/sweep_results/checkpoints/nf2_gap1/nf2_gap1_best_acc.pt",
  "gate_metrics": {
    "threshold": 0.4,
    "accuracy": 0.6622531418312387,
    "tpr": 0.5892857142857143,
    "fpr": 0.2561787072243346,
    "ppv": 0.72,
    "f1": 0.6481178396072014,
    "tp": 1386,
    "tn": 1565,
    "fp": 539,
    "fn": 966
  },
  "auc": 0.7265218825172655
}