{
  "setup": "1_standalone",
  "checkpoint": "/home/bkosa/EcoWild_RL_ece751_finalProject/smokeDetection_ourExperiments/sweep_results/checkpoints/nf3_gap6/nf3_gap6_best_acc.pt",
  "gate_metrics": {
    "threshold": 0.4,
    "accuracy": 0.7236605998461932,
    "tpr": 0.6790540540540541,
    "fpr": 0.22580645161290322,
    "ppv": 0.7730769230769231,
    "f1": 0.723021582733813,
    "tp": 1407,
    "tn": 1416,
    "fp": 413,
    "fn": 665
  },
  "auc": 0.7842706312498549
}