{
  "setup": "1_standalone",
  "checkpoint": "/home/bkosa/EcoWild_RL_ece751_finalProject/smokeDetection_ourExperiments/sweep_results/checkpoints/nf3_gap6/nf3_gap6_best_acc.pt",
  "gate_metrics": {
    "threshold": 0.4,
    "accuracy": 0.4752081071299312,
    "tpr": 0.6216783216783217,
    "fpr": 0.68192048012003,
    "ppv": 0.4944382647385984,
    "f1": 0.550805452292441,
    "tp": 889,
    "tn": 424,
    "fp": 909,
    "fn": 541
  },
  "auc": 0.5152713003425682
}