{
  "setup": "1_standalone",
  "checkpoint": "/home/bkosa/EcoWild_RL_ece751_finalProject/smokeDetection_ourExperiments/sweep_results/checkpoints/nf2_gap6/nf2_gap6_best_acc.pt",
  "gate_metrics": {
    "threshold": 0.4,
    "accuracy": 0.48968512486427795,
    "tpr": 0.43356643356643354,
    "fpr": 0.450112528132033,
    "ppv": 0.5081967213114754,
    "f1": 0.4679245283018868,
    "tp": 620,
    "tn": 733,
    "fp": 600,
    "fn": 810
  },
  "auc": 0.4801546540481274
}