{
  "setup": "1_standalone",
  "checkpoint": "/home/bkosa/EcoWild_RL_ece751_finalProject/smokeDetection_ourExperiments/sweep_results/checkpoints/nf4_gap2/nf4_gap2_best_acc.pt",
  "gate_metrics": {
    "threshold": 0.75,
    "accuracy": 0.5140630294815317,
    "tpr": 0.5104096709200806,
    "fpr": 0.48221614227086185,
    "ppv": 0.5187713310580204,
    "f1": 0.5145565335138794,
    "tp": 760,
    "tn": 757,
    "fp": 705,
    "fn": 729
  },
  "auc": 0.49917658818568267
}