{
  "setup": "1_standalone",
  "checkpoint": "/home/bkosa/EcoWild_RL_ece751_finalProject/smokeDetection_ourExperiments/sweep_results/checkpoints/nf5_gap16/nf5_gap16_best_acc.pt",
  "gate_metrics": {
    "threshold": 0.4,
    "accuracy": 0.6932998925116446,
    "tpr": 0.7017195767195767,
    "fpr": 0.3166536356528538,
    "ppv": 0.7237380627557981,
    "f1": 0.712558764271323,
    "tp": 1061,
    "tn": 874,
    "fp": 405,
    "fn": 451
  },
  "auc": 0.7580867265679619
}