{
  "setup": "1_standalone",
  "checkpoint": "/home/bkosa/EcoWild_RL_ece751_finalProject/smokeDetection_ourExperiments/sweep_results/checkpoints/nf5_gap6/nf5_gap6_best_acc.pt",
  "gate_metrics": {
    "threshold": 0.75,
    "accuracy": 0.5341762149348084,
    "tpr": 0.3307271305707584,
    "fpr": 0.25798722044728434,
    "ppv": 0.5670241286863271,
    "f1": 0.4177777777777778,
    "tp": 423,
    "tn": 929,
    "fp": 323,
    "fn": 856
  },
  "auc": 0.522469131485011
}