{
  "setup": "1_standalone",
  "checkpoint": "/home/bkosa/EcoWild_RL_ece751_finalProject/smokeDetection_ourExperiments/sweep_results/checkpoints/nf3_gap16/nf3_gap16_best_acc.pt",
  "gate_metrics": {
    "threshold": 0.4,
    "accuracy": 0.7044070225725546,
    "tpr": 0.6732804232804233,
    "fpr": 0.25879593432369036,
    "ppv": 0.7546330615270571,
    "f1": 0.7116392869626005,
    "tp": 1018,
    "tn": 948,
    "fp": 331,
    "fn": 494
  },
  "auc": 0.7734348821624036
}