{
  "setup": "1_standalone",
  "checkpoint": "/home/bkosa/EcoWild_RL_ece751_finalProject/smokeDetection_ourExperiments/sweep_results/checkpoints/nf3_gap16/nf3_gap16_best_acc.pt",
  "gate_metrics": {
    "threshold": 0.75,
    "accuracy": 0.4857450242065627,
    "tpr": 0.4061505832449629,
    "fpr": 0.43231441048034935,
    "ppv": 0.49165596919127086,
    "f1": 0.4448315911730546,
    "tp": 383,
    "tn": 520,
    "fp": 396,
    "fn": 560
  },
  "auc": 0.4661554687029688
}