{
  "setup": "1_standalone",
  "checkpoint": "/home/bkosa/EcoWild_RL_ece751_finalProject/smokeDetection_ourExperiments/sweep_results/checkpoints/nf3_gap2/nf3_gap2_best_acc.pt",
  "gate_metrics": {
    "threshold": 0.4,
    "accuracy": 0.6915995397008056,
    "tpr": 0.7229965156794426,
    "fpr": 0.34358223523670084,
    "ppv": 0.7021996615905245,
    "f1": 0.7124463519313305,
    "tp": 1660,
    "tn": 1345,
    "fp": 704,
    "fn": 636
  },
  "auc": 0.772315848812117
}