{
  "setup": "1_standalone",
  "checkpoint": "/home/bkosa/EcoWild_RL_ece751_finalProject/smokeDetection_ourExperiments/sweep_results/checkpoints/nf5_gap2/nf5_gap2_best_acc.pt",
  "gate_metrics": {
    "threshold": 0.75,
    "accuracy": 0.4956400418555982,
    "tpr": 0.35798203178991017,
    "fpr": 0.36408450704225354,
    "ppv": 0.5004830917874397,
    "f1": 0.4174053182917003,
    "tp": 518,
    "tn": 903,
    "fp": 517,
    "fn": 929
  },
  "auc": 0.4693620604066694
}